NVIDIA GeForce RTX 4090, 1 MiB, 24564 MiB
NVIDIA GeForce RTX 4090, 1 MiB, 24564 MiB
NVIDIA GeForce RTX 4090, 4 MiB, 24564 MiB
NVIDIA GeForce RTX 4090, 4 MiB, 24564 MiB
NVIDIA GeForce RTX 4090, 4 MiB, 24564 MiB
NVIDIA GeForce RTX 4090, 1480 MiB, 24564 MiB
NVIDIA GeForce RTX 4090, 2726 MiB, 24564 MiB
NVIDIA GeForce RTX 4090, 3882 MiB, 24564 MiB
NVIDIA GeForce RTX 4090, 5162 MiB, 24564 MiB
NVIDIA GeForce RTX 4090, 5926 MiB, 24564 MiB
NVIDIA GeForce RTX 4090, 6006 MiB, 24564 MiB
NVIDIA GeForce RTX 4090, 6006 MiB, 24564 MiB
NVIDIA GeForce RTX 4090, 6006 MiB, 24564 MiB
NVIDIA GeForce RTX 4090, 6006 MiB, 24564 MiB
NVIDIA GeForce RTX 4090, 6006 MiB, 24564 MiB
NVIDIA GeForce RTX 4090, 6006 MiB, 24564 MiB
NVIDIA GeForce RTX 4090, 6006 MiB, 24564 MiB
NVIDIA GeForce RTX 4090, 6006 MiB, 24564 MiB
NVIDIA GeForce RTX 4090, 6006 MiB, 24564 MiB
NVIDIA GeForce RTX 4090, 6006 MiB, 24564 MiB
NVIDIA GeForce RTX 4090, 6006 MiB, 24564 MiB
NVIDIA GeForce RTX 4090, 6006 MiB, 24564 MiB
NVIDIA GeForce RTX 4090, 6006 MiB, 24564 MiB
NVIDIA GeForce RTX 4090, 6006 MiB, 24564 MiB
NVIDIA GeForce RTX 4090, 6006 MiB, 24564 MiB
NVIDIA GeForce RTX 4090, 6006 MiB, 24564 MiB
NVIDIA GeForce RTX 4090, 6006 MiB, 24564 MiB
NVIDIA GeForce RTX 4090, 6006 MiB, 24564 MiB
NVIDIA GeForce RTX 4090, 6006 MiB, 24564 MiB
NVIDIA GeForce RTX 4090, 6006 MiB, 24564 MiB
NVIDIA GeForce RTX 4090, 6006 MiB, 24564 MiB
NVIDIA GeForce RTX 4090, 6006 MiB, 24564 MiB
NVIDIA GeForce RTX 4090, 6006 MiB, 24564 MiB
NVIDIA GeForce RTX 4090, 6006 MiB, 24564 MiB
NVIDIA GeForce RTX 4090, 6006 MiB, 24564 MiB
NVIDIA GeForce RTX 4090, 6006 MiB, 24564 MiB
NVIDIA GeForce RTX 4090, 6006 MiB, 24564 MiB
NVIDIA GeForce RTX 4090, 6006 MiB, 24564 MiB
NVIDIA GeForce RTX 4090, 6006 MiB, 24564 MiB
NVIDIA GeForce RTX 4090, 6006 MiB, 24564 MiB
NVIDIA GeForce RTX 4090, 6006 MiB, 24564 MiB
NVIDIA GeForce RTX 4090, 6006 MiB, 24564 MiB
NVIDIA GeForce RTX 4090, 6006 MiB, 24564 MiB
NVIDIA GeForce RTX 4090, 6006 MiB, 24564 MiB
NVIDIA GeForce RTX 4090, 6006 MiB, 24564 MiB
NVIDIA GeForce RTX 4090, 6006 MiB, 24564 MiB
NVIDIA GeForce RTX 4090, 6006 MiB, 24564 MiB
NVIDIA GeForce RTX 4090, 6006 MiB, 24564 MiB
NVIDIA GeForce RTX 4090, 6006 MiB, 24564 MiB
NVIDIA GeForce RTX 4090, 6006 MiB, 24564 MiB
NVIDIA GeForce RTX 4090, 6006 MiB, 24564 MiB
NVIDIA GeForce RTX 4090, 6006 MiB, 24564 MiB
NVIDIA GeForce RTX 4090, 6006 MiB, 24564 MiB
NVIDIA GeForce RTX 4090, 6006 MiB, 24564 MiB
NVIDIA GeForce RTX 4090, 6006 MiB, 24564 MiB
NVIDIA GeForce RTX 4090, 6006 MiB, 24564 MiB
NVIDIA GeForce RTX 4090, 6006 MiB, 24564 MiB
NVIDIA GeForce RTX 4090, 6006 MiB, 24564 MiB
NVIDIA GeForce RTX 4090, 6006 MiB, 24564 MiB
NVIDIA GeForce RTX 4090, 6006 MiB, 24564 MiB
NVIDIA GeForce RTX 4090, 6006 MiB, 24564 MiB
NVIDIA GeForce RTX 4090, 6006 MiB, 24564 MiB
NVIDIA GeForce RTX 4090, 6006 MiB, 24564 MiB
NVIDIA GeForce RTX 4090, 6006 MiB, 24564 MiB
NVIDIA GeForce RTX 4090, 6006 MiB, 24564 MiB
NVIDIA GeForce RTX 4090, 6006 MiB, 24564 MiB
NVIDIA GeForce RTX 4090, 6006 MiB, 24564 MiB
NVIDIA GeForce RTX 4090, 6006 MiB, 24564 MiB
NVIDIA GeForce RTX 4090, 6006 MiB, 24564 MiB
NVIDIA GeForce RTX 4090, 6006 MiB, 24564 MiB
NVIDIA GeForce RTX 4090, 6006 MiB, 24564 MiB
NVIDIA GeForce RTX 4090, 6006 MiB, 24564 MiB
NVIDIA GeForce RTX 4090, 6006 MiB, 24564 MiB
NVIDIA GeForce RTX 4090, 6006 MiB, 24564 MiB
NVIDIA GeForce RTX 4090, 6006 MiB, 24564 MiB
NVIDIA GeForce RTX 4090, 6006 MiB, 24564 MiB
NVIDIA GeForce RTX 4090, 6006 MiB, 24564 MiB
NVIDIA GeForce RTX 4090, 6006 MiB, 24564 MiB
NVIDIA GeForce RTX 4090, 6006 MiB, 24564 MiB
NVIDIA GeForce RTX 4090, 6006 MiB, 24564 MiB
NVIDIA GeForce RTX 4090, 6006 MiB, 24564 MiB
NVIDIA GeForce RTX 4090, 6006 MiB, 24564 MiB
NVIDIA GeForce RTX 4090, 6006 MiB, 24564 MiB
NVIDIA GeForce RTX 4090, 6006 MiB, 24564 MiB
NVIDIA GeForce RTX 4090, 6006 MiB, 24564 MiB
NVIDIA GeForce RTX 4090, 6006 MiB, 24564 MiB
NVIDIA GeForce RTX 4090, 6006 MiB, 24564 MiB
NVIDIA GeForce RTX 4090, 6006 MiB, 24564 MiB
NVIDIA GeForce RTX 4090, 6006 MiB, 24564 MiB
NVIDIA GeForce RTX 4090, 6006 MiB, 24564 MiB
NVIDIA GeForce RTX 4090, 6006 MiB, 24564 MiB
NVIDIA GeForce RTX 4090, 6006 MiB, 24564 MiB
NVIDIA GeForce RTX 4090, 6006 MiB, 24564 MiB
NVIDIA GeForce RTX 4090, 6006 MiB, 24564 MiB
NVIDIA GeForce RTX 4090, 6006 MiB, 24564 MiB
NVIDIA GeForce RTX 4090, 6006 MiB, 24564 MiB
NVIDIA GeForce RTX 4090, 6006 MiB, 24564 MiB
NVIDIA GeForce RTX 4090, 6006 MiB, 24564 MiB
NVIDIA GeForce RTX 4090, 6006 MiB, 24564 MiB
NVIDIA GeForce RTX 4090, 6006 MiB, 24564 MiB
NVIDIA GeForce RTX 4090, 6006 MiB, 24564 MiB
NVIDIA GeForce RTX 4090, 6006 MiB, 24564 MiB
NVIDIA GeForce RTX 4090, 6006 MiB, 24564 MiB
NVIDIA GeForce RTX 4090, 6006 MiB, 24564 MiB
NVIDIA GeForce RTX 4090, 6006 MiB, 24564 MiB
NVIDIA GeForce RTX 4090, 6006 MiB, 24564 MiB
NVIDIA GeForce RTX 4090, 6006 MiB, 24564 MiB
NVIDIA GeForce RTX 4090, 6006 MiB, 24564 MiB
NVIDIA GeForce RTX 4090, 6006 MiB, 24564 MiB
NVIDIA GeForce RTX 4090, 6006 MiB, 24564 MiB
NVIDIA GeForce RTX 4090, 6006 MiB, 24564 MiB
NVIDIA GeForce RTX 4090, 6006 MiB, 24564 MiB
NVIDIA GeForce RTX 4090, 6006 MiB, 24564 MiB
NVIDIA GeForce RTX 4090, 6006 MiB, 24564 MiB
NVIDIA GeForce RTX 4090, 6006 MiB, 24564 MiB
NVIDIA GeForce RTX 4090, 6006 MiB, 24564 MiB
NVIDIA GeForce RTX 4090, 6006 MiB, 24564 MiB
NVIDIA GeForce RTX 4090, 6006 MiB, 24564 MiB
NVIDIA GeForce RTX 4090, 6006 MiB, 24564 MiB
NVIDIA GeForce RTX 4090, 6006 MiB, 24564 MiB
NVIDIA GeForce RTX 4090, 6006 MiB, 24564 MiB
NVIDIA GeForce RTX 4090, 6006 MiB, 24564 MiB
NVIDIA GeForce RTX 4090, 6006 MiB, 24564 MiB
NVIDIA GeForce RTX 4090, 6006 MiB, 24564 MiB
NVIDIA GeForce RTX 4090, 6006 MiB, 24564 MiB
NVIDIA GeForce RTX 4090, 6724 MiB, 24564 MiB
NVIDIA GeForce RTX 4090, 10596 MiB, 24564 MiB
NVIDIA GeForce RTX 4090, 10616 MiB, 24564 MiB
NVIDIA GeForce RTX 4090, 10616 MiB, 24564 MiB
NVIDIA GeForce RTX 4090, 10616 MiB, 24564 MiB
NVIDIA GeForce RTX 4090, 10616 MiB, 24564 MiB
NVIDIA GeForce RTX 4090, 10616 MiB, 24564 MiB
NVIDIA GeForce RTX 4090, 10616 MiB, 24564 MiB
NVIDIA GeForce RTX 4090, 10616 MiB, 24564 MiB
NVIDIA GeForce RTX 4090, 10616 MiB, 24564 MiB
NVIDIA GeForce RTX 4090, 10616 MiB, 24564 MiB
NVIDIA GeForce RTX 4090, 10616 MiB, 24564 MiB
NVIDIA GeForce RTX 4090, 10616 MiB, 24564 MiB
NVIDIA GeForce RTX 4090, 10616 MiB, 24564 MiB
NVIDIA GeForce RTX 4090, 10616 MiB, 24564 MiB
NVIDIA GeForce RTX 4090, 10616 MiB, 24564 MiB
NVIDIA GeForce RTX 4090, 10616 MiB, 24564 MiB
NVIDIA GeForce RTX 4090, 10616 MiB, 24564 MiB
NVIDIA GeForce RTX 4090, 10616 MiB, 24564 MiB
NVIDIA GeForce RTX 4090, 10616 MiB, 24564 MiB
NVIDIA GeForce RTX 4090, 10616 MiB, 24564 MiB
NVIDIA GeForce RTX 4090, 10616 MiB, 24564 MiB
NVIDIA GeForce RTX 4090, 10616 MiB, 24564 MiB
NVIDIA GeForce RTX 4090, 10616 MiB, 24564 MiB
NVIDIA GeForce RTX 4090, 10616 MiB, 24564 MiB
NVIDIA GeForce RTX 4090, 10616 MiB, 24564 MiB
NVIDIA GeForce RTX 4090, 10616 MiB, 24564 MiB
NVIDIA GeForce RTX 4090, 10616 MiB, 24564 MiB
NVIDIA GeForce RTX 4090, 10616 MiB, 24564 MiB
NVIDIA GeForce RTX 4090, 10616 MiB, 24564 MiB
NVIDIA GeForce RTX 4090, 10616 MiB, 24564 MiB
NVIDIA GeForce RTX 4090, 10616 MiB, 24564 MiB
NVIDIA GeForce RTX 4090, 10616 MiB, 24564 MiB
NVIDIA GeForce RTX 4090, 10616 MiB, 24564 MiB
NVIDIA GeForce RTX 4090, 10616 MiB, 24564 MiB
NVIDIA GeForce RTX 4090, 10618 MiB, 24564 MiB
NVIDIA GeForce RTX 4090, 10618 MiB, 24564 MiB
NVIDIA GeForce RTX 4090, 10618 MiB, 24564 MiB
NVIDIA GeForce RTX 4090, 10618 MiB, 24564 MiB
NVIDIA GeForce RTX 4090, 10618 MiB, 24564 MiB
NVIDIA GeForce RTX 4090, 10618 MiB, 24564 MiB
NVIDIA GeForce RTX 4090, 10618 MiB, 24564 MiB
NVIDIA GeForce RTX 4090, 10618 MiB, 24564 MiB
NVIDIA GeForce RTX 4090, 10618 MiB, 24564 MiB
NVIDIA GeForce RTX 4090, 10618 MiB, 24564 MiB
NVIDIA GeForce RTX 4090, 10618 MiB, 24564 MiB
NVIDIA GeForce RTX 4090, 10618 MiB, 24564 MiB
NVIDIA GeForce RTX 4090, 10618 MiB, 24564 MiB
NVIDIA GeForce RTX 4090, 10618 MiB, 24564 MiB
NVIDIA GeForce RTX 4090, 10618 MiB, 24564 MiB
NVIDIA GeForce RTX 4090, 10618 MiB, 24564 MiB
NVIDIA GeForce RTX 4090, 10618 MiB, 24564 MiB
NVIDIA GeForce RTX 4090, 10618 MiB, 24564 MiB
NVIDIA GeForce RTX 4090, 10618 MiB, 24564 MiB
NVIDIA GeForce RTX 4090, 10618 MiB, 24564 MiB
NVIDIA GeForce RTX 4090, 10618 MiB, 24564 MiB
NVIDIA GeForce RTX 4090, 10618 MiB, 24564 MiB
NVIDIA GeForce RTX 4090, 10618 MiB, 24564 MiB
NVIDIA GeForce RTX 4090, 10618 MiB, 24564 MiB
NVIDIA GeForce RTX 4090, 10618 MiB, 24564 MiB
NVIDIA GeForce RTX 4090, 10618 MiB, 24564 MiB
NVIDIA GeForce RTX 4090, 10618 MiB, 24564 MiB
NVIDIA GeForce RTX 4090, 10618 MiB, 24564 MiB
NVIDIA GeForce RTX 4090, 1 MiB, 24564 MiB
NVIDIA GeForce RTX 4090, 1 MiB, 24564 MiB
NVIDIA GeForce RTX 4090, 1 MiB, 24564 MiB
NVIDIA GeForce RTX 4090, 1 MiB, 24564 MiB
NVIDIA GeForce RTX 4090, 1 MiB, 24564 MiB
NVIDIA GeForce RTX 4090, 1 MiB, 24564 MiB
NVIDIA GeForce RTX 4090, 1 MiB, 24564 MiB
NVIDIA GeForce RTX 4090, 1 MiB, 24564 MiB
NVIDIA GeForce RTX 4090, 1 MiB, 24564 MiB
NVIDIA GeForce RTX 4090, 1 MiB, 24564 MiB
NVIDIA GeForce RTX 4090, 1 MiB, 24564 MiB
NVIDIA GeForce RTX 4090, 1 MiB, 24564 MiB
NVIDIA GeForce RTX 4090, 1 MiB, 24564 MiB
NVIDIA GeForce RTX 4090, 1 MiB, 24564 MiB
NVIDIA GeForce RTX 4090, 1 MiB, 24564 MiB
NVIDIA GeForce RTX 4090, 1 MiB, 24564 MiB
